[{"model": "admin.logentry", "pk": 254, "fields": {"action_time": "2022-10-17T21:42:30.578Z", "user": 5, "content_type": 4, "object_id": "1", "object_repr": "admin", "action_flag": 3, "change_message": ""}}, {"model": "auth.user", "pk": 5, "fields": {"password": "pbkdf2_sha256$260000$3WocK8qoPLi5OV6G3ZpILR$FDrIEmkSn7uRR2ORNrfcbDexKjwIlSTmynTUZd/cHoE=", "last_login": "2022-10-17T21:41:55.642Z", "is_superuser": true, "username": "administrator", "first_name": "", "last_name": "", "email": "admin@renegade.com", "is_staff": true, "is_active": true, "date_joined": "2022-10-17T21:41:25.948Z", "groups": [], "user_permissions": []}}, {"model": "sessions.session", "pk": "0hjcja8h2cupt9t7fpyf67cx2wjl7aui", "fields": {"session_data": ".eJxVjM8KAiEYxN_Fc4i74pfusXvPIJ__0goN3YUievcU9lCXgZnfzLyJxm2Nemu-6uTIQiZy-M0M2pvPA7gr5kuhtuS1JkNHhe600XNx_n7au38HEVvsawUmcCWZmXkQkwiz4l1QGAQIxvGuFgNTRy-6EzCDlcxyKSUwEJKP0-ZbSyVr_3yk-iIL-3wBe9w-mQ:1oWmlU:-woAtVSxSch3WuV2yoqRKUvMbqZhEteLtnEsFQti8xY", "expire_date": "2022-09-23T22:46:24.108Z"}}, {"model": "sessions.session", "pk": "0z08ct4xvqhox09x6izqmpxye8kk7we2", "fields": {"session_data": ".eJxVjM8KAiEYxN_Fc4i74pfusXvPIJ__0goN3YUievcU9lCXgZnfzLyJxm2Nemu-6uTIQiZy-M0M2pvPA7gr5kuhtuS1JkNHhe600XNx_n7au38HEVvsawUmcCWZmXkQkwiz4l1QGAQIxvGuFgNTRy-6EzCDlcxyKSUwEJKP0-ZbSyVr_3yk-iIL-3wBe9w-mQ:1oj5wH:6HSgL518v9XEJYHDbRvzNoG4uqTqORJqXx-tsPLvtaw", "expire_date": "2022-10-27T21:40:25.813Z"}}, {"model": "sessions.session", "pk": "2aan8ss0vs7vepu7wqb5zfopjdigfwa5", "fields": {"session_data": ".eJxVjM0OwiAQhN-FsyEUwrp49O4zkF1-pGogKe3J-O7SpAe9TDLzzcxbeNrW4reeFj9HcRGTOP1mTOGZ6g7ig-q9ydDqusws94o8aJe3FtPrenT_Dgr1MtYOOBuHirXJdrJZOzOELBNA5miGBsrKnZMdzoKGgCoYRAQFFo34fAHeVjdc:1oc5Dm:dD5y6bdZesK7tHI_FwmpT8Nu7ysC7VaHFVtIYgEgRYk", "expire_date": "2022-10-08T13:29:30.251Z"}}, {"model": "sessions.session", "pk": "76dj3jvy79bhss91nm0oklkrlrukayuz", "fields": {"session_data": "e30:1oi0Fv:bWTnGI6EXCz20lUY0N1WmRFGbGGSfVLpExxjMukXlZs", "expire_date": "2022-10-24T21:24:11.066Z"}}, {"model": "sessions.session", "pk": "7pkn7ic2jkhkucw4bbd8pirsg7nuzva6", "fields": {"session_data": ".eJxVjM0OwiAQhN-FsyEUwrp49O4zkF1-pGogKe3J-O7SpAe9TDLzzcxbeNrW4reeFj9HcRGTOP1mTOGZ6g7ig-q9ydDqusws94o8aJe3FtPrenT_Dgr1MtYOOBuHirXJdrJZOzOELBNA5miGBsrKnZMdzoKGgCoYRAQFFo34fAHeVjdc:1ofRbt:xlqYeoJ9xNgvj_BPpCZvb_ghaUPtq8OkiR94n-tTQuU", "expire_date": "2022-10-17T20:00:17.199Z"}}, {"model": "sessions.session", "pk": "8z4e675ofb4mm3r7bzhh8n4worfel1cz", "fields": {"session_data": ".eJxVjM8KAiEYxN_Fc4i74pfusXvPIJ__0goN3YUievcU9lCXgZnfzLyJxm2Nemu-6uTIQiZy-M0M2pvPA7gr5kuhtuS1JkNHhe600XNx_n7au38HEVvsawUmcCWZmXkQkwiz4l1QGAQIxvGuFgNTRy-6EzCDlcxyKSUwEJKP0-ZbSyVr_3yk-iIL-3wBe9w-mQ:1oXprk:FeND_syjo3zyGQIBfkhdRtKyIlzKPro1LtQ28-vo90Y", "expire_date": "2022-09-26T20:17:12.952Z"}}, {"model": "sessions.session", "pk": "b8404k6zx3tsor5gtla2ddtvx7k56q7r", "fields": {"session_data": ".eJxVjM8KAiEYxN_Fc4i74pfusXvPIJ__0goN3YUievcU9lCXgZnfzLyJxm2Nemu-6uTIQiZy-M0M2pvPA7gr5kuhtuS1JkNHhe600XNx_n7au38HEVvsawUmcCWZmXkQkwiz4l1QGAQIxvGuFgNTRy-6EzCDlcxyKSUwEJKP0-ZbSyVr_3yk-iIL-3wBe9w-mQ:1oilHf:GDTbCUcbNMiCMZSdc3QoxzdwiTeL6AT3ZdUMAHf-7f4", "expire_date": "2022-10-26T23:37:07.006Z"}}, {"model": "sessions.session", "pk": "bpbx62id65raauyo58rd45gihzdfi3v7", "fields": {"session_data": ".eJxVjD0OwyAUg-_CXCEC4hUydu8Z0OOvpK1AAjJFuXuIlKFdLNmf7Y0YXHsyawvVLJ7MZCK338yi-4R8Av_G_CrUldzrYulZoRdt9Fl8-D6u7t9BwpbGWoONQitmuYhykpFrMQSlRYBovRjqMDJ9D3I4CRycYk4opYCBVGKcOqydzNu-HxbHOqg:1og0Ef:Y1tosv48ctVfmj-1qg4XIgbqdtCnSFmtliBLgRUUp6E", "expire_date": "2022-10-19T08:58:37.074Z"}}, {"model": "sessions.session", "pk": "bt9x0spbqa4qn4amoi8tvsb25541lpq6", "fields": {"session_data": ".eJxVjM8KAiEYxN_Fc4i74pfusXvPIJ__0goN3YUievcU9lCXgZnfzLyJxm2Nemu-6uTIQiZy-M0M2pvPA7gr5kuhtuS1JkNHhe600XNx_n7au38HEVvsawUmcCWZmXkQkwiz4l1QGAQIxvGuFgNTRy-6EzCDlcxyKSUwEJKP0-ZbSyVr_3yk-iIL-3wBe9w-mQ:1ojJEE:m-uWzpIbC6hWYWoBmXIDwKRSBeEKeFNC6vTKh_hBTA4", "expire_date": "2022-10-28T11:51:50.670Z"}}, {"model": "sessions.session", "pk": "c2szuc844yyaxg77ka8mjlr8hv956n4a", "fields": {"session_data": ".eJyrVkpOLCpRsqpWMgIRmSWpucXxSZXxxZlVqSCBYiUrUx2lihwwlatkZQjkAMUMa4EAAEYPEqQ:1ofpIL:HRiOwU-wHYBPat_PMEhJNb-FwLXsV8R6h9gAoNwKnOo", "expire_date": "2022-10-18T21:17:41.643Z"}}, {"model": "sessions.session", "pk": "cg0sngb9jo6cjhzny1jzm2zw99ei5dmk", "fields": {"session_data": ".eJxVjMEOgjAQRP-lZ9MAS6H16J1vaLa7W4uaklA4Gf_dknDQ48x7M2_lcd-S34usfmZ1VUZdfruA9JR8AH5gvi-alrytc9CHok9a9LSwvG6n-3eQsKS6HtkIxEGIrYOIwraxWEPbOELoxkguAhjTIoeh79myA4eGulARSlSfLxBPOTs:1okXsU:wEZXBbcfrMR2hW_kJNnsoZMUycWnhlMmIdRC-WhN2f4", "expire_date": "2022-10-31T21:42:30.675Z"}}, {"model": "sessions.session", "pk": "de5idtrb3yp0unk6u2iy8qpdxk4aa81w", "fields": {"session_data": ".eJxVjM0OwiAQhN-FsyEUwrp49O4zkF1-pGogKe3J-O7SpAe9TDLzzcxbeNrW4reeFj9HcRGTOP1mTOGZ6g7ig-q9ydDqusws94o8aJe3FtPrenT_Dgr1MtYOOBuHirXJdrJZOzOELBNA5miGBsrKnZMdzoKGgCoYRAQFFo34fAHeVjdc:1oZx9M:2f6O3G6O1g04h6bU3UpeVpj5_aKp2jMgj9ZgWh196EY", "expire_date": "2022-10-02T16:28:08.807Z"}}, {"model": "sessions.session", "pk": "e4kp8i7q8emb4v3x9wfcyuif7bx30iwu", "fields": {"session_data": ".eJyrVkpOLCpRsqpWMgIRmSWpucXxSZXxxZlVqSCBHCUrIx2lXCUrEwMdpWIlK8PaWh0lQyCto2SCVUMFRFFtLQDkaxv6:1ofoJI:cxL5u5OZCzfA4IikeUx5S4X86k6vtC-9o_SusU1CHcI", "expire_date": "2022-10-18T20:14:36.318Z"}}, {"model": "sessions.session", "pk": "f4odbkt1eh0tff48uie26jtvz0jeywer", "fields": {"session_data": ".eJxVjjsOgzAMhu_iGUUhbtwkY_eeATmvQluBRGBC3L2hYmiXT_L_kjfoeF36bi1p7oYIDlpofjXP4ZXGw4hPHh-TCNO4zIMXR0ScbhH3Kab37cz-DfRc-tq25DNaI73CrFudlcUK1p6Jso9YGThLe026XpoUBSMDGmNIkjZYRwPPC7itfujaBhCcakB9eQGH-_4BfbA-tg:1ofm3d:jEXcNX4vGsL2yb95Mf2T2iNWpsuRi0XtvfYg4X4e_ic", "expire_date": "2022-10-18T17:50:17.706Z"}}, {"model": "sessions.session", "pk": "grzb2s90tig023641ku01lhdx4gibr62", "fields": {"session_data": ".eJxVjM8KAiEYxN_Fc4i74pfusXvPIJ__0goN3YUievcU9lCXgZnfzLyJxm2Nemu-6uTIQiZy-M0M2pvPA7gr5kuhtuS1JkNHhe600XNx_n7au38HEVvsawUmcCWZmXkQkwiz4l1QGAQIxvGuFgNTRy-6EzCDlcxyKSUwEJKP0-ZbSyVr_3yk-iIL-3wBe9w-mQ:1oiIM7:PSh0AsSt5k7gNbfraf0qb9-qya24cRD7y7QxxiYsvwk", "expire_date": "2022-10-25T16:43:47.630Z"}}, {"model": "sessions.session", "pk": "j4oupzc7wbzmlte0cmjwh9n8js9o1e5a", "fields": {"session_data": "eyJfc2Vzc2lvbl9leHBpcnkiOjB9:1oi0LZ:0_RDT95I9fIGtFaGaQ0Y2TM7WAyBq74g67sed9Jk-bs", "expire_date": "2022-10-24T21:30:01.532Z"}}, {"model": "sessions.session", "pk": "jy46r4yjmzl3y0wcrk644rw9v8jr2jdk", "fields": {"session_data": ".eJxVjM8KAiEYxN_Fc4i74pfusXvPIJ__0goN3YUievcU9lCXgZnfzLyJxm2Nemu-6uTIQiZy-M0M2pvPA7gr5kuhtuS1JkNHhe600XNx_n7au38HEVvsawUmcCWZmXkQkwiz4l1QGAQIxvGuFgNTRy-6EzCDlcxyKSUwEJKP0-ZbSyVr_3yk-iIL-3wBe9w-mQ:1ogD7q:hwlCLFBvfbJjepcyc_X0y21RMOBnRgT70lHZ4Cu6EG8", "expire_date": "2022-10-19T22:44:26.654Z"}}, {"model": "sessions.session", "pk": "kwqg8c4f2xxth1odkfwxcffl44cbb3j4", "fields": {"session_data": ".eJxVjM8KAiEYxN_Fc4i74pfusXvPIJ__0goN3YUievcU9lCXgZnfzLyJxm2Nemu-6uTIQiZy-M0M2pvPA7gr5kuhtuS1JkNHhe600XNx_n7au38HEVvsawUmcCWZmXkQkwiz4l1QGAQIxvGuFgNTRy-6EzCDlcxyKSUwEJKP0-ZbSyVr_3yk-iIL-3wBe9w-mQ:1oj7oA:PT6aZVHFrLRBYgFrFea16cJcZ8MvsYYM_i7QQ6_V-EY", "expire_date": "2022-10-27T23:40:10.480Z"}}, {"model": "sessions.session", "pk": "ln9ldgb9s1pll5xyv4g8p3nv0oh3pdvu", "fields": {"session_data": ".eJxVjM8KAiEYxN_Fc4i74pfusXvPIJ__0goN3YUievcU9lCXgZnfzLyJxm2Nemu-6uTIQiZy-M0M2pvPA7gr5kuhtuS1JkNHhe600XNx_n7au38HEVvsawUmcCWZmXkQkwiz4l1QGAQIxvGuFgNTRy-6EzCDlcxyKSUwEJKP0-ZbSyVr_3yk-iIL-3wBe9w-mQ:1oezWY:U6VrB_KnZuGz3fzwuKOC6X-xLI4pjsJ0rAMP2uZK_fY", "expire_date": "2022-10-16T14:00:54.005Z"}}, {"model": "sessions.session", "pk": "n2d8l3bw8lfs5wiblr27ik0xxh98fm8e", "fields": {"session_data": ".eJxVjM0OwiAQhN-FsyEUwrp49O4zkF1-pGogKe3J-O7SpAe9TDLzzcxbeNrW4reeFj9HcRGTOP1mTOGZ6g7ig-q9ydDqusws94o8aJe3FtPrenT_Dgr1MtYOOBuHirXJdrJZOzOELBNA5miGBsrKnZMdzoKGgCoYRAQFFo34fAHeVjdc:1oazCb:Tdr5ZM8OWXgZpkCD4s7LpZkiUD-mf7ug2hWxZ0S86Vk", "expire_date": "2022-10-05T12:51:45.901Z"}}, {"model": "sessions.session", "pk": "ovu1z60qxns8p3nbya9m96zww54kd170", "fields": {"session_data": "eyJjYXJ0Ijp7IjIiOnsiaXRlbXNfYnlfc2l6ZSI6eyJtIjozNn19LCIxIjoyfX0:1ofpGp:X1Qw-F0FwwKuEvMemesUSZuou2LZh6QJteJ-nA_hwWU", "expire_date": "2022-10-18T21:16:07.747Z"}}, {"model": "sessions.session", "pk": "r1ttzal43892nek5ka036hofxjkbsv6x", "fields": {"session_data": ".eJxVjM8KAiEYxN_Fc4i74pfusXvPIJ__0goN3YUievcU9lCXgZnfzLyJxm2Nemu-6uTIQiZy-M0M2pvPA7gr5kuhtuS1JkNHhe600XNx_n7au38HEVvsawUmcCWZmXkQkwiz4l1QGAQIxvGuFgNTRy-6EzCDlcxyKSUwEJKP0-ZbSyVr_3yk-iIL-3wBe9w-mQ:1ojMYd:mpmDA63_hFh8NjVFHxIu_HHQlDJryAfSFnHiCbtQhLk", "expire_date": "2022-10-28T15:25:07.417Z"}}, {"model": "sessions.session", "pk": "ur2h8pbm2hs1mg6htw2kxx33dretilj3", "fields": {"session_data": ".eJxVjM8KAiEYxN_Fc4i74pfusXvPIJ__0goN3YUievcU9lCXgZnfzLyJxm2Nemu-6uTIQiZy-M0M2pvPA7gr5kuhtuS1JkNHhe600XNx_n7au38HEVvsawUmcCWZmXkQkwiz4l1QGAQIxvGuFgNTRy-6EzCDlcxyKSUwEJKP0-ZbSyVr_3yk-iIL-3wBe9w-mQ:1oiH4E:2Z6VkZwdvGIc_3vbKu7wzRZjTk2azC0AnQS2KxIS4ko", "expire_date": "2022-10-25T15:21:14.172Z"}}, {"model": "sessions.session", "pk": "wtcibiyei3kp8vqonsrct1rpqyy7f91j", "fields": {"session_data": ".eJxVjM8KAiEYxN_Fc4i74pfusXvPIJ__0goN3YUievcU9lCXgZnfzLyJxm2Nemu-6uTIQiZy-M0M2pvPA7gr5kuhtuS1JkNHhe600XNx_n7au38HEVvsawUmcCWZmXkQkwiz4l1QGAQIxvGuFgNTRy-6EzCDlcxyKSUwEJKP0-ZbSyVr_3yk-iIL-3wBe9w-mQ:1okWbL:AQ1xaiAU5B7dPx2D4eV5kvTv0_pMDBJVM1vzr0P4jLU", "expire_date": "2022-10-31T20:20:43.417Z"}}, {"model": "sessions.session", "pk": "wzxv0zco1zyrtrozq82z72qm16bimchp", "fields": {"session_data": "e30:1oi01e:83tgKyLVs5teSiC8eGc0kN0qbQT9G5ArAQ1OU-G6R5Q", "expire_date": "2022-10-24T21:09:26.747Z"}}, {"model": "sessions.session", "pk": "xxsthz352zp8t9mrs2wrsa78gotek3ln", "fields": {"session_data": "eyJjYXJ0Ijp7IjEiOjE1fX0:1ofp32:vPj_LOTcVJwqrDtDSvJNVuU920ZRT263d2TF-Dc1f8w", "expire_date": "2022-10-18T21:01:52.754Z"}}, {"model": "sessions.session", "pk": "y9dqerpglx5nzsg2614c9vwwx88kjprt", "fields": {"session_data": ".eJxVTksKwyAUvIvrIibiq7rsvmeQ56-xLVo0gZaQu9dAFu1mYL7MSgwu82SWFqpJnmgykNOvZtE9Qt4Nf8d8K9SVPNdk6R6hh9votfjwvBzZv4EJ29TbCmzkSjI78igGEUfFO6CwCBCt5x0dRqbOQXQmYAQnmeNSSmAgJN9HW2gtlWzC-5Xqh2h2Ig7rTPTaX-th275FjkLF:1oidVO:ne0ZekAYpxy5tiUFH3u2MAbBR_2krdEZJPxrGE9VJWU", "expire_date": "2022-10-26T15:18:46.671Z"}}, {"model": "sessions.session", "pk": "yb45ez654i3vfiakswpmu6jq1a21g8aw", "fields": {"session_data": ".eJxVjM8KAiEYxN_Fc4i74pfusXvPIJ__0goN3YUievcU9lCXgZnfzLyJxm2Nemu-6uTIQiZy-M0M2pvPA7gr5kuhtuS1JkNHhe600XNx_n7au38HEVvsawUmcCWZmXkQkwiz4l1QGAQIxvGuFgNTRy-6EzCDlcxyKSUwEJKP0-ZbSyVr_3yk-iIL-3wBe9w-mQ:1oZXTN:dYy9-KCYmaUjB5tRw_CFvGDiwPWLzlRMvFUjAsNw0Ug", "expire_date": "2022-10-01T13:03:05.280Z"}}, {"model": "sessions.session", "pk": "yrstae0pcyo2yo8rekd6poq4yuklyzib", "fields": {"session_data": ".eJxljdsKwjAMQP8lz2Osl126N_2RknUZK9ZOehmK-O9uMgTxMeckJ09AY5bsk14p2MnSqOmK1kHvs3PF1-ZIAXoQUIDGnOYP0Hb8ZwOaC_ldoHM7Lo9G-dk5dCxP20Q-WYPJLv58XP2kZozz3jEVNtSNahyEajrZUqvqiTM2IJeSITWtUBUaoTibWo4SWVcpXgsl1CBlt0cjxbi90XS_2fCAviog4kra-mmBPoVMrzcPUFpS:1oi1Cq:S1Ud8UToXNb_pVAN0rz5A2qUkX7KOv8tnshWL8Y_bD0", "expire_date": "2022-10-24T22:25:04.005Z"}}, {"model": "sites.site", "pk": 1, "fields": {"domain": "renegade.example.com", "name": "Renegade"}}, {"model": "accounts.useraccount", "pk": 5, "fields": {"user": 5, "default_phone_number": null, "default_street_address1": null, "default_street_address2": null, "default_town_or_city": null, "default_county": null, "default_postcode": null, "default_country": null}}, {"model": "store.category", "pk": 1, "fields": {"name": "Clothing", "friendly_name": "clothing"}}, {"model": "store.category", "pk": 2, "fields": {"name": "Media", "friendly_name": "media"}}, {"model": "store.category", "pk": 3, "fields": {"name": "Premium", "friendly_name": "premium"}}, {"model": "store.category", "pk": 4, "fields": {"name": "Accessories", "friendly_name": "accessories"}}, {"model": "store.product", "pk": 29, "fields": {"category": 2, "name": "Blackbird CD", "sku": "RNGD-SPR-IDREC01", "digital": false, "preorder_item": false, "description": "<p>Blackbird CD<br><br>Songs:<br></p><ol><li>Ties That Bind</li><li>Come To Life</li><li>Brand New Start</li><li>Buried Alive</li><li>Coming Home</li><li>Before Tomorrow Comes</li><li>Rise Today</li><li>Blackbird</li><li>One By One</li><li>Watch Over You</li><li>Break Me Down</li><li>White Knuckles</li><li>Wayward One</li></ol>", "has_sizes": false, "price": "10.99", "image_url": null, "image": "blackbird.jpg"}}, {"model": "store.product", "pk": 30, "fields": {"category": 2, "name": "AB III CD", "sku": "RNGD-SPR-IDREC02", "digital": false, "preorder_item": false, "description": "<p>AB III CD<br><br>Songs:<br></p><ol><li>Slip To The Void</li><li>Isolation</li><li>Ghost Of Days Gone By</li><li>All Hope Is Gone</li><li>Still Remains</li><li>Make It Right</li><li>Wonderful Life</li><li>I Know It Hurts</li><li>Show Me A Sign</li><li>Fallout</li><li>Breathe Again</li><li>Coeur D'Alene</li><li>Life Must Go On</li><li>Words Darker Than Their Wings</li><li>Zero</li><li>Home</li></ol>", "has_sizes": false, "price": "10.99", "image_url": null, "image": "ab3.jpg"}}, {"model": "store.product", "pk": 31, "fields": {"category": 1, "name": "Fortress CD", "sku": "RNGD-SPR-IDREC03", "digital": false, "preorder_item": false, "description": "<p><b>SIGNED </b>Fortress CD</p><p>Songs:</p><ol><li>Cry of Achilles</li><li>Addicted to Pain</li><li>Bleed It Dry</li><li>Lover</li><li>The Uninvited</li><li>Peace Is Broken</li><li>Calm the Fire</li><li>Waters Rising</li><li>Farther Than the Sun</li><li>Cry a River</li><li>All Ends Well</li><li>Fortress</li></ol><div><br></div>", "has_sizes": false, "price": "20.99", "image_url": null, "image": "fortress.jpg"}}, {"model": "store.product", "pk": 32, "fields": {"category": 2, "name": "The End of Heartache DIGITAL", "sku": "RNGD-SPR-IDREC04", "digital": true, "preorder_item": true, "description": "<p>The End of Heartache : <b>DIGITAL </b>Version<br><br>Songs:</p><ol><li>A Bid Farewell</li><li>Take This Oath</li><li>When Darkness Falls</li><li>Rose Of Sharyn</li><li>Inhale</li><li>Breathe Life</li><li>The End Of Heartache</li><li>Declaration</li><li>World Ablaze</li><li>And Embers Rise</li><li>Wasted Sacrifice</li><li>Hope Is...</li></ol><div><br></div>", "has_sizes": false, "price": "7.99", "image_url": null, "image": "the_end_of_heartache.jpg"}}, {"model": "store.product", "pk": 33, "fields": {"category": 2, "name": "Incarnate CD", "sku": "RNGD-SPR-IDREC05", "digital": false, "preorder_item": false, "description": "<p>Incarnate CD<br><br>Songs:<br></p><ol><li>Alone I Stand</li><li>Hate by Design</li><li>Cut Me Loose</li><li>Strength of the Mind</li><li>Just Let Go</li><li>Embrace the Journey... Upraised</li><li>Quiet Distress</li><li>Until the Day</li><li>It Falls on Me</li><li>The Great Deceit</li><li>We Carry On</li><li>Ascension</li></ol><div><br></div>", "has_sizes": false, "price": "10.99", "image_url": null, "image": "incarnate.jpg"}}, {"model": "store.product", "pk": 34, "fields": {"category": 2, "name": "Atonement CD", "sku": "RNGD-SPR-IDREC06", "digital": false, "preorder_item": false, "description": "<p>Atonement CD<br><br>Songs:<br></p><ol><li>Unleashed</li><li>The Signal Fire</li><li>Us Against the World</li><li>The Crownless King</li><li>I Am Broken Too</li><li>As Sure As the Sun Will Rise</li><li>Know Your Enemy</li><li>Take Control</li><li>Ravenous</li><li>I Can't Be the Only One</li><li>Bite the Hand That Feeds</li></ol><div><br></div>", "has_sizes": false, "price": "10.99", "image_url": null, "image": "atonement.jpg"}}, {"model": "store.product", "pk": 35, "fields": {"category": 2, "name": "And Justice For All CD", "sku": "RNGD-SPR-IDREC07", "digital": false, "preorder_item": false, "description": "<p>And Justice For All : <b>DIGITAL </b>Version<br><br>Songs:</p><ol><li>Blackened</li><li>...And Justice for All</li><li>Eye of the Beholder</li><li>One</li><li>The Shortest Straw</li><li>Harvester of Sorrow</li><li>The Frayed Ends of Sanity</li><li>To Live Is to Die</li><li>Dyers Eve</li></ol><div><br></div>", "has_sizes": false, "price": "8.99", "image_url": null, "image": "and_justice_for_all.jpg"}}, {"model": "store.product", "pk": 36, "fields": {"category": 2, "name": "Master Of Puppets CD", "sku": "RNGD-SPR-IDREC08", "digital": false, "preorder_item": false, "description": "<p>Master Of Puppets CD<br><br>Songs:<br></p><ol><li>Battery</li><li>Master of Puppets</li><li>The Thing That Should Not Be</li><li>Welcome Home (Sanitarium)</li><li>Disposable Heroes</li><li>Leper Messiah</li><li>Orion</li><li>Damage, Inc.</li></ol><div><br></div>", "has_sizes": false, "price": "10.99", "image_url": null, "image": "master_of_puppets_6NQRrdv.jpg"}}, {"model": "store.product", "pk": 37, "fields": {"category": 1, "name": "Fallen CD", "sku": "RNGD-SPR-IDREC07", "digital": false, "preorder_item": true, "description": "<p>RENEGADE - Fallen&nbsp;<br><br>Out: December 08<br><br>PRE-ORDER NOW!<br><br>Songs:<br></p><ol><li>Turmoil</li><li>The Final Battle</li><li>Lost And Found</li><li>The Revenant</li><li>Fight Or Flight</li><li>Fallen</li><li>Battleworn</li><li>Unscarred</li></ol>", "has_sizes": false, "price": "20.99", "image_url": null, "image": "renegade_preorder.png"}}, {"model": "store.product", "pk": 38, "fields": {"category": 4, "name": "Double Wrap Leather Bracelet", "sku": "RNGD-ACR-IDREC01", "digital": false, "preorder_item": false, "description": "<p>Black leather double wrap bracelet with M logo, Scary Guy and Ninja Star studs!</p><ol><li>Manufactured in the USA by Silver Luthier</li><li>Full leather band</li><li>Solid sterling silver buttons and rivets</li><li>Approximately 18\" long; 1/2\" wide</li><li>Comes in black box</li></ol>", "has_sizes": false, "price": "50.99", "image_url": null, "image": "black_leather_bracelet.jpg"}}, {"model": "store.product", "pk": 39, "fields": {"category": 4, "name": "Ninja Star Leather Bracelet", "sku": "RNGD-ACR-IDREC02", "digital": false, "preorder_item": false, "description": "<p>Brown leather cuff bracelet with Ninja Star studs!</p><ol><li>Manufactured in the USA by Silver Luthier</li><li>Full leather band</li><li>Solid sterling silver buttons and rivets</li><li>Approximately 10\" long; 1\" wide</li><li>Comes in black box</li></ol>", "has_sizes": false, "price": "60.99", "image_url": null, "image": "brown_leather_bracelet.jpg"}}, {"model": "store.product", "pk": 40, "fields": {"category": 1, "name": "Doris Water Bottle", "sku": "RNGD-ACR-IDREC03", "digital": false, "preorder_item": false, "description": "<p>Travel water bottle features Doris artwork by Pushead.</p><ol><li>26 oz (768ml)</li><li>For hot and cold drinks</li><li>18/8 stainless steel</li><li>Vacuum-insulated</li><li>Triple layered with copper</li><li>Grab-and-go handle for comfortable two-fingered carrying and can also be clipped on backpacks or bags</li><li>Indigo Falls brand</li></ol>", "has_sizes": false, "price": "18.99", "image_url": null, "image": "water_bottle.jpg"}}, {"model": "store.product", "pk": 41, "fields": {"category": 4, "name": "Beer Headband", "sku": "RNGD-ACR-IDREC04", "digital": false, "preorder_item": false, "description": "<p>Stand out from the crowd!<br>Elastic Beer Headband<br><br>Materials Blend: Cotton/Elastic (93/7)<br></p><p>Size 6 \" x 2 \"</p>", "has_sizes": false, "price": "10.00", "image_url": null, "image": "beer_headbang_hk7eykY.png"}}, {"model": "store.product", "pk": 42, "fields": {"category": 4, "name": "Scary Guy Guitar Pick Necklace", "sku": "RNGD-ACR-IDREC05", "digital": false, "preorder_item": false, "description": "<p>Solid sterling silver guitar pick shapened pendant. Featuring the Scary Guy on the front and sneak attack M logo on the back!<br></p><ul><li>Manufactured in the USA by Silver Luthier</li><li>Approximate charm measurments: 1\" (2.54cm) tall and 3/4\" (1.9cm) across&nbsp;</li><li>Chain: 20\" (50.8cm) sterling silver curb chain (made in Italy)</li><li>Comes in black box</li></ul>", "has_sizes": false, "price": "140.99", "image_url": null, "image": "guitar_pick_necklace.jpg"}}, {"model": "store.product", "pk": 43, "fields": {"category": 4, "name": "Bolt Logo Patch", "sku": "RNGD-ACR-IDREC06", "digital": false, "preorder_item": false, "description": "<p>Logo Patch<br><br>Easy to stick or sew into the vest.<br><br>The patch is approximately 4 inches wide and 2 1/4 inches tall.<br></p>", "has_sizes": false, "price": "5.99", "image_url": null, "image": "logo_patch.png"}}, {"model": "store.product", "pk": 44, "fields": {"category": 1, "name": "Logo Slouch Hat", "sku": "RNGD-CRE-IDREC01", "digital": false, "preorder_item": false, "description": "<p>A different kind of cap! For when you need to hide your dome but still want some extra room.</p><ul><li>100% Cotton</li><li>Vintage wash</li><li>Spot clean</li><li>OSFA</li><li>Featuring an old school classic logo</li><li>Brown Color</li></ul>", "has_sizes": false, "price": "29.99", "image_url": null, "image": "hat.jpg"}}, {"model": "store.product", "pk": 45, "fields": {"category": 1, "name": "Training Logo T-Shirt", "sku": "RNGD-CRE-IDREC02", "digital": false, "preorder_item": false, "description": "<p>Crossfit? We're thinking MOSHFIT! The OverMuch® training wear line is here to keep you dry in the pit.</p><ul><li>Training top</li><li>Smooth and flexible materials</li><li>Keeps you cool when active</li><li>Transports moisture away instead of absorbing it</li><li>Features the Metallica logo on front and the OverMuch® logo on the back of the neck</li></ul><p><br></p><p>OverMuch® TechWeave™ is made from 90% polyester and 10% Spandex to make it quick drying, ultra soft , durable and comfortable. Wash in 30 degrees, do not use fabric softener.</p>", "has_sizes": true, "price": "39.99", "image_url": null, "image": "t-shirt_black.jpg"}}, {"model": "store.product", "pk": 46, "fields": {"category": 1, "name": "Logo Pullover Hoodie", "sku": "RNGD-CRE-IDREC03", "digital": false, "preorder_item": false, "description": "<p>A classic. Wear it in, out, alone, or layerd!</p><ul><li>Midweight 80% Cotton / 20% Polyester</li><li>Not pre-shrunk, please read wash instructions below</li><li>Features the Metallica logo in white</li></ul>", "has_sizes": true, "price": "50.99", "image_url": null, "image": "hoodie_black_1.jpg"}}, {"model": "store.product", "pk": 47, "fields": {"category": 1, "name": "Jacket Windbreaker", "sku": "RNGD-CRE-IDREC04", "digital": false, "preorder_item": false, "description": "<p>Windbreaker Jacket<br><br>Product Details:</p><ul><li>Lightweight Packable Windbreaker Jacket</li><li>Water Resistant</li><li>Zip-up</li><li>Black color</li></ul><p>Image in description is a mockup. Actual print may vary.</p>", "has_sizes": true, "price": "75.99", "image_url": null, "image": "jacket_windbreaker.png"}}, {"model": "store.product", "pk": 49, "fields": {"category": 1, "name": "Pawns & Kings Tee", "sku": "RNGD-CRE-IDREC05", "digital": false, "preorder_item": false, "description": "<p>Product Details:</p><ul><li>Album Cover Tee</li><li>Color: Black</li></ul><p><br></p><p>Image in description is a mockup. Actual print may vary.</p>", "has_sizes": true, "price": "29.99", "image_url": null, "image": "t-shirt_black_2_XdCfOO1.png"}}, {"model": "store.product", "pk": 50, "fields": {"category": 1, "name": "Thin AB Hoodie", "sku": "RNGD-CRE-IDREC06", "digital": false, "preorder_item": false, "description": "<p>Product Details:</p><ul><li>Pawns &amp; Kings Hoodie</li><li>Color: Black</li><li>Lightweight Material</li></ul><p><br></p><p>Image in description is a mockup. Actual print may vary.</p>", "has_sizes": true, "price": "45.99", "image_url": null, "image": "hoodie_black_2.png"}}, {"model": "store.product", "pk": 51, "fields": {"category": 3, "name": "Renegade VIP Experience (EURO TOUR 2022)", "sku": "RNGD-MGRS-IDREC01", "digital": true, "preorder_item": false, "description": "<p>Hear soundcheck and chat with Renegade!</p><p><span style=\"font-size: 1rem;\">Renegade VIP Experience Package includes:</span></p><ul><li>Soundcheck Access</li><li>Band Q&amp;A</li><li>Exclusive VIP Laminate</li><li>Limited Edition Pre-signed Poster</li><li>One Group Photo with All Guests + Renegade (Emailed at a later date)</li><li>Hassel-free Merch Shopping</li><li>First in Line at Door</li><li>Tickets to the show are NOT included in this package. Please make sure you have purchased tickets and have your ticket in hand upon entering event.</li></ul><p><span style=\"font-size: 1rem;\"><br></span></p><p><span style=\"font-size: 1rem;\">A representative will contact you within one week of selected show date with complete details on meet time and location. Know that most meet and greets begin by checking in with valid ID and your order confirmation at the venues will call or box office early afternoon.</span><br></p>", "has_sizes": false, "price": "200.00", "image_url": null, "image": "meet_and_greet_eu.jpg"}}, {"model": "store.product", "pk": 52, "fields": {"category": 3, "name": "Renegade VIP Experience (US TOUR 2023)", "sku": "RNGD-MGRS-IDREC02", "digital": true, "preorder_item": false, "description": "<p>Hear soundcheck and chat with Renegade!</p><p><span style=\"font-size: 1rem;\">Renegade VIP Experience Package includes:</span></p><ul><li>Soundcheck Access</li><li>Band Q&amp;A</li><li>Exclusive VIP Laminate</li><li>Limited Edition Pre-signed Poster</li><li>One Group Photo with All Guests + Renegade (Emailed at a later date)</li><li>Hassel-free Merch Shopping</li><li>First in Line at Door</li><li>Tickets to the show are NOT included in this package. Please make sure you have purchased tickets and have your ticket in hand upon entering event.</li></ul><p><span style=\"font-size: 1rem;\"><br></span></p><p><span style=\"font-size: 1rem;\">A representative will contact you within one week of selected show date with complete details on meet time and location. Know that most meet and greets begin by checking in with valid ID and your order confirmation at the venues will call or box office early afternoon.</span></p>", "has_sizes": false, "price": "200.00", "image_url": null, "image": "meet_and_greet_us.jpg"}}, {"model": "tour.tour", "pk": 2, "fields": {"location": "Hamburg, Germany", "venue": "Sporthalle Hamburg", "date": "2022-12-01"}}, {"model": "tour.tour", "pk": 3, "fields": {"location": "Frederiksberg, Denmark", "venue": "Falconer Hall", "date": "2022-12-02"}}, {"model": "tour.tour", "pk": 4, "fields": {"location": "Partille, Sweden", "venue": "Partille Arena", "date": "2022-12-04"}}, {"model": "tour.tour", "pk": 5, "fields": {"location": "Oslo, Norway", "venue": "Sentrum Scene", "date": "2022-12-05"}}, {"model": "tour.tour", "pk": 6, "fields": {"location": "Katowice, Poland", "venue": "Centrum Kongresowe", "date": "2022-12-08"}}, {"model": "tour.tour", "pk": 8, "fields": {"location": "Berlin, Germany", "venue": "Columbiahalle", "date": "2022-12-11"}}, {"model": "tour.tour", "pk": 10, "fields": {"location": "Madrid, Spain", "venue": "Palacio Vistalegre", "date": "2022-12-18"}}, {"model": "tour.tour", "pk": 11, "fields": {"location": "Zagreb, Croatia", "venue": "Dom Sportova", "date": "2022-12-20"}}, {"model": "tour.tour", "pk": 12, "fields": {"location": "Amsterdam, Netherlands", "venue": "Ziggo Dome", "date": "2023-01-08"}}, {"model": "tour.tour", "pk": 13, "fields": {"location": "Glasgow, UK", "venue": "Ovo Hydro", "date": "2023-01-10"}}, {"model": "tour.tour", "pk": 14, "fields": {"location": "Birmingham, UK", "venue": "Resorts World Arena", "date": "2023-01-12"}}, {"model": "tour.tour", "pk": 15, "fields": {"location": "London, UK", "venue": "The O2", "date": "2023-01-15"}}, {"model": "tour.tour", "pk": 17, "fields": {"location": "Cork, Ireland", "venue": "Cyprus Avenue", "date": "2022-10-04"}}, {"model": "tour.tour", "pk": 23, "fields": {"location": "Vienna, Austria", "venue": "Wiener Stadthalle", "date": "2022-11-28"}}, {"model": "tour.tour", "pk": 24, "fields": {"location": "Tampa, FL (US)", "venue": "Seminole Hard Rock Hotel", "date": "2023-01-25"}}, {"model": "tour.tour", "pk": 25, "fields": {"location": "Altanta, GA (US)", "venue": "Coca-Cola Roxy", "date": "2023-01-28"}}, {"model": "tour.tour", "pk": 26, "fields": {"location": "Nashville, TN (US)", "venue": "Ryman Auditorium", "date": "2023-01-30"}}, {"model": "tour.tour", "pk": 27, "fields": {"location": "Montclair, NJ (US)", "venue": "The Wellmont Theater", "date": "2023-02-01"}}, {"model": "tour.tour", "pk": 28, "fields": {"location": "Huntington, NY (US)", "venue": "The Paramount", "date": "2023-02-02"}}, {"model": "tour.tour", "pk": 29, "fields": {"location": "Silver Spring, MD (US)", "venue": "The Filmore", "date": "2023-02-04"}}, {"model": "tour.tour", "pk": 30, "fields": {"location": "Belgium, Hasselt", "venue": "Trixxo Arena", "date": "2022-09-30"}}, {"model": "tour.tour", "pk": 31, "fields": {"location": "Netherlands, Amsterdam", "venue": "Melkweg", "date": "2022-10-07"}}, {"model": "about.genre", "pk": 1, "fields": {"name": "Groove Metal"}}, {"model": "about.genre", "pk": 2, "fields": {"name": "Heavy Metal"}}, {"model": "about.genre", "pk": 3, "fields": {"name": "Thrash Metal"}}, {"model": "about.genre", "pk": 4, "fields": {"name": "Black Metal"}}, {"model": "about.genre", "pk": 5, "fields": {"name": "Death Metal"}}, {"model": "about.genre", "pk": 6, "fields": {"name": "Doom Metal"}}, {"model": "about.genre", "pk": 7, "fields": {"name": "Nu Metal"}}, {"model": "about.genre", "pk": 8, "fields": {"name": "Metalcore"}}, {"model": "about.genre", "pk": 9, "fields": {"name": "Deathcore"}}, {"model": "about.genre", "pk": 10, "fields": {"name": "Progressive Metal"}}, {"model": "about.genre", "pk": 11, "fields": {"name": "Industrial Metal"}}, {"model": "about.genre", "pk": 12, "fields": {"name": "Power Metal"}}, {"model": "about.genre", "pk": 13, "fields": {"name": "Alternative Metal"}}, {"model": "about.genre", "pk": 14, "fields": {"name": "Hard Rock"}}, {"model": "about.genre", "pk": 15, "fields": {"name": "Post Grunge"}}, {"model": "about.genre", "pk": 16, "fields": {"name": "Grunge"}}, {"model": "about.genre", "pk": 17, "fields": {"name": "Speed Metal"}}, {"model": "about.genre", "pk": 18, "fields": {"name": "Alternative Rock"}}, {"model": "about.genre", "pk": 19, "fields": {"name": "Gothic Metal"}}, {"model": "about.genre", "pk": 21, "fields": {"name": "Melodic Death Metal"}}, {"model": "about.instrument", "pk": 1, "fields": {"name": "Lead Vocals"}}, {"model": "about.instrument", "pk": 2, "fields": {"name": "Backing Vocals"}}, {"model": "about.instrument", "pk": 3, "fields": {"name": "Lead Guitar"}}, {"model": "about.instrument", "pk": 4, "fields": {"name": "Rhythm Guitar"}}, {"model": "about.instrument", "pk": 5, "fields": {"name": "Bass Guitar"}}, {"model": "about.instrument", "pk": 6, "fields": {"name": "Drums"}}, {"model": "about.member", "pk": 1, "fields": {"name": "Trevor Strnad", "birthdate": "1981-05-03", "town_or_city": "Waterford, Michigan", "country": "US", "description": "<p>Trevor Strnad, born on May 3rd, 1981 in the United States, is easily recognized by his voice (growls, grunts, screams etc.) and his shifting between them.</p><p>Strnad has his presence noted on live performances often. </p><p>Usually, he points his finger at people as they sing along, and fiddles with his fingers in the air, giving even a non-metal music fan, chills. </p><p>Also, recognizable by his haunting lyrics, Trevor writes them, being inspired by horror movies/books.</p>", "image_url": null, "image": "trevor_strnad.jpg", "genre": [9, 21], "instrument": [1]}}, {"model": "about.member", "pk": 2, "fields": {"name": "Dimebag Darrell", "birthdate": "1966-08-20", "town_or_city": "Dalworthington Gardens, Texas", "country": "US", "description": "<p>He was born to Jerry Abbott, a country musician and producer.<br></p><p>He took up guitar when he was in his early teens, winning a series of local guitar competitions, where in one he was awarded his first Dean.\r\nAbbott has stated that his main influences were Ace Frehley of Kiss and Eddie Van Halen of Van Halen.</p><p>\r\nAbbott frequently appeared in guitar magazines and in readers' polls, where he was often included in the top ten metal guitarist spots. </p><p>In addition, he wrote a long-running Guitar World magazine column, which has been compiled in the book Riffer Madness. Remembered for his amiable nature and rapport with fans, critic Greg Prato describes Abbott as \"one of the most influential stylists in modern metal.</p>", "image_url": null, "image": "dimebag_darrell.jpg", "genre": [1, 2], "instrument": [3]}}, {"model": "about.member", "pk": 3, "fields": {"name": "Cliff Burton", "birthdate": "1962-02-10", "town_or_city": "Castro Valley, California", "country": "US", "description": "<p>Clifford Lee Burton was born in Castro Valley, California, to Ray and Jan Burton.\r\n</p><p>In his teenage years, Burton developed an interest in rock, classical, country and eventually heavy metal. </p><p>He began playing the bass at age 13.\r\nBurton cited Geddy Lee, Geezer Butler, Stanley Clarke, Lemmy Kilmister, and Phil Lynott as major influences on his style of bass playing.\r\nBurton's solos were always melodic inspired by both Beethoven, Bach, Motörhead and Pink Floyd. </p><p>He used his heavy distortion (Electro-Harmonix Big Muff PI USSR) and his wah-wah (Morley Power Wah Boost) to get the cool, special sounds.</p>", "image_url": null, "image": "cliff_burton.jpg", "genre": [3, 17], "instrument": [5]}}, {"model": "about.member", "pk": 4, "fields": {"name": "Joey Jordison", "birthdate": "1975-04-26", "town_or_city": "Des Moines, Iowa", "country": "US", "description": "<p>Nathan Jonas Jordison (born on April 26, 1975 in Des Moines, Iowa) more commonly known as Joey Jordison, is an American drummer and guitarist.\r\n</p><p>While in high school, Jordison played drums in his high school's drumline and jazz band. This helped profoundly to improve his drumming ability, which has since made him the top rated drummer by music media across the world.\r\n</p><p>In August 2010 Jordison was voted the best drummer of the previous 25 years by readers of Rhythm magazine, ahead of drummers such as Mike Portnoy, Neil Peart, and Phil Collins. </p><p>When asked to comment he stated \"<i>I'm at a loss for words. This is beyond unbelievable. Something like this reminds me every day why I continue to do this.</i>\"</p>", "image_url": null, "image": "joey_jordison.jpg", "genre": [1, 2, 7], "instrument": [6]}}, {"model": "about.member", "pk": 5, "fields": {"name": "Jeff Hanneman", "birthdate": "1964-01-31", "town_or_city": "Helmet, California", "country": "US", "description": "<p>Jeff Hanneman was born January 31, 1964, in Oakland, California.</p><p>Hanneman was introduced to heavy metal music as a child through his older sister Mary, when she was listening to Black Sabbath at her house. Once he reached high school, he discovered hardcore punk, which had a significant influence on his style and attitude.\r\n</p><p>Hanneman's major influences included hard rock and heavy metal bands like Led Zeppelin, Iron Maiden, Judas Priest, Black Sabbath and Aerosmith.\r\n</p><p>Hanneman was ranked number 10 in Guitar World's \"100 Greatest Heavy Metal Guitarists of All Time\".</p>", "image_url": null, "image": "jeff_hanneman.jpg", "genre": [2, 3, 17], "instrument": [4]}}, {"model": "songs.song", "pk": 1, "fields": {"name": "Sin After Sin", "album": "Pawns & Kings", "is_new": true, "date_added": "2022-10-02T00:57:57.473Z", "url": "https://www.youtube.com/embed/0zMMAQVWeag"}}, {"model": "songs.song", "pk": 2, "fields": {"name": "Pawns & Kings", "album": "Pawns & Kings", "is_new": true, "date_added": "2022-10-02T00:58:33.357Z", "url": "https://www.youtube.com/embed/aTqN0nh7Avk"}}, {"model": "songs.song", "pk": 3, "fields": {"name": "Silver Tongue", "album": "Pawns & Kings", "is_new": true, "date_added": "2022-10-02T00:59:02.922Z", "url": "https://www.youtube.com/embed/snl8OANQ948"}}, {"model": "songs.song", "pk": 7, "fields": {"name": "Cradle To The Grave", "album": "The Last Hero", "is_new": false, "date_added": "2022-10-02T01:03:15.575Z", "url": "https://www.youtube.com/embed/yOP0xDHnFxA"}}, {"model": "songs.song", "pk": 9, "fields": {"name": "Cry Of Achilles", "album": "Fortress", "is_new": false, "date_added": "2022-10-02T01:05:43.284Z", "url": "https://www.youtube.com/embed/obcgU-oLjnA"}}, {"model": "songs.song", "pk": 11, "fields": {"name": "This is War", "album": "Pawns & Kings", "is_new": false, "date_added": "2022-10-13T21:12:20.968Z", "url": "https://www.youtube.com/embed/_oOho_iu4Hs"}}, {"model": "songs.song", "pk": 13, "fields": {"name": "Holiday", "album": "Pawns & Kings", "is_new": false, "date_added": "2022-10-14T15:25:07.376Z", "url": "https://www.youtube.com/embed/6cSHYBWDzeQ"}}]